scenario,fold,model,train_rows,calibration_rows,validation_rows,test_rows,accuracy,brier,log_loss,roc_auc,ece,realized_positive_rate,predicted_positive_rate,net_return,passive_return,passive_gross_return,annualized_volatility,sharpe,max_drawdown,turnover,trading_cost,average_exposure,entries,cost_multiplier,threshold
naive,0,trend,2500,359,360,360,,,,,,,,-0.02018400233570128,0.021292619376455768,0.02636637290102506,0.07600478837973888,-1.5939797292493414,-0.04770189681477932,2.0999999999999996,0.0052499999999999995,0.09625,3.0,1.0,
naive,0,prior,2500,359,360,360,0.5388888888888889,0.24871905952864357,0.6905838019092465,0.5,0.01521200866604766,0.5388888888888889,0.5236768802228412,0.0,0.021292619376455768,0.02636637290102506,0.0,0.0,0.0,0.0,0.0,0.0,0.0,1.0,0.65
naive,0,ridge_logistic,2500,359,360,360,0.5388888888888889,0.24844034802603507,0.6900098601403022,0.5124829213762265,0.020564909853515903,0.5388888888888889,0.5551879405871393,-0.0451321520461897,0.021292619376455768,0.02636637290102506,0.16426169880538075,-1.6280934822707853,-0.08177976504657192,38.20791069922588,0.09551977674806467,0.22730412511587467,55.0,1.0,0.55
naive,0,lightgbm,2500,359,360,360,0.5388888888888889,0.24843846842135875,0.6900207226665831,0.5287852440690597,0.01261948610032082,0.5388888888888889,0.526269402788568,0.0,0.021292619376455768,0.02636637290102506,0.0,0.0,0.0,0.0,0.0,0.0,0.0,1.0,0.65
naive,0,catboost,2500,359,360,360,0.5444444444444444,0.2476682379642915,0.6884753929202517,0.5410197490994908,0.009840993363783763,0.5388888888888889,0.5344983066348638,-0.08801750470979319,0.021292619376455768,0.02636637290102506,0.07231448503303806,-7.713406916655413,-0.08801750470979319,28.359411108266688,0.07089852777066671,0.0471180162942544,41.0,1.0,0.55
naive,1,trend,2860,359,360,360,,,,,,,,0.030615570217227717,0.19897440625922647,0.20501766784452347,0.0849959382948778,2.2008779686105413,-0.022236932562325507,2.0999999999999996,0.0052499999999999995,0.1701388888888889,3.0,1.0,
naive,1,prior,2860,359,360,360,0.5166666666666667,0.24972429346968647,0.6925956697291985,0.5,0.0014391829155060432,0.5166666666666667,0.5181058495821728,0.0,0.19897440625922647,0.20501766784452347,0.0,0.0,0.0,0.0,0.0,0.0,0.0,1.0,0.65
naive,1,ridge_logistic,2860,359,360,360,0.5166666666666667,0.24989415673992282,0.69293583868474,0.5205475219379557,0.019154931736373504,0.5166666666666667,0.5358215984030402,-0.014128775072836275,0.19897440625922647,0.20501766784452347,0.04004145252405826,-2.141768238330418,-0.022276451239660267,9.099999999999998,0.02275,0.015555555555555555,13.0,1.0,0.55
naive,1,lightgbm,2860,359,360,360,0.49722222222222223,0.2504704601386416,0.6940858858492824,0.4879186750710667,0.0253755473877224,0.5166666666666667,0.518971452789449,-0.044297322326230404,0.19897440625922647,0.20501766784452347,0.036385173299559745,-7.556552123880019,-0.04495551376520868,16.799999999999997,0.041999999999999996,0.03013888888888888,24.0,1.0,0.55
naive,1,catboost,2860,359,360,360,0.4861111111111111,0.2509112939455617,0.6949748540258119,0.46727845754542086,0.03611964746882298,0.5166666666666667,0.5202156473868657,-0.025113775323350684,0.19897440625922647,0.20501766784452347,0.027647299012166764,-5.582428722088802,-0.025113775323350684,10.499999999999998,0.026249999999999996,0.02333333333333333,15.0,1.0,0.55
naive,2,trend,3220,359,360,360,,,,,,,,0.054930426874193916,0.4320599426851741,0.43921177643539866,0.13510176862268614,2.4754855182876745,-0.05399131002562252,2.0999999999999996,0.0052499999999999995,0.16138888888888892,3.0,1.0,
naive,2,prior,3220,359,360,360,0.5388888888888889,0.24853465168988792,0.6902138728716477,0.5,0.00685546270504489,0.5388888888888889,0.532033426183844,0.14090223854827455,0.4320599426851741,0.43921177643539866,0.20054551584093241,4.099385875799123,-0.049795056841904106,0.7,0.0017499999999999998,0.35000000000000003,1.0,1.0,0.5
naive,2,ridge_logistic,3220,359,360,360,0.5444444444444444,0.24908641873174245,0.6913298463022853,0.5293131288038754,0.025994716531721272,0.5388888888888889,0.5128941723571676,0.0020405201236548542,0.4320599426851741,0.43921177643539866,0.18322278725958016,0.15908571466688234,-0.09459505319030215,36.4,0.091,0.24500000000000005,52.0,1.0,0.5
naive,2,lightgbm,3220,359,360,360,0.4666666666666667,0.2606657726912575,0.7148093878600602,0.4840392497826357,0.0943732697817169,0.5388888888888889,0.4445156191071719,0.0,0.4320599426851741,0.43921177643539866,0.0,0.0,0.0,0.0,0.0,0.0,0.0,1.0,0.6
naive,2,catboost,3220,359,360,360,0.49722222222222223,0.2508496411692488,0.69486208712949,0.5193764749720532,0.04929596725129339,0.5388888888888889,0.4895929216375955,-0.08120896143480649,0.4320599426851741,0.43921177643539866,0.13781813575118593,-3.6691662903089846,-0.0968589279599057,41.3,0.10324999999999998,0.11569444444444442,59.0,1.0,0.5
naive,3,trend,3580,359,360,360,,,,,,,,-0.0153270104687806,-0.11991136821814041,-0.1154849225753869,0.10567858201566041,-0.8363019638733967,-0.030417354007000297,1.4,0.0034999999999999996,0.07583333333333334,2.0,1.0,
naive,3,prior,3580,359,360,360,0.5166666666666667,0.24972429346968647,0.6925956697291985,0.5,0.0014391829155060432,0.5166666666666667,0.5181058495821728,-0.03754066677043466,-0.11991136821814041,-0.1154849225753869,0.20953184899432303,-1.0061816803720756,-0.10060223462646267,0.7030678874577291,0.0017576697186443228,0.3495106001667053,1.0,1.0,0.5
naive,3,ridge_logistic,3580,359,360,360,0.5166666666666667,0.25012873252546214,0.6934056643344684,0.47698059572364354,0.0014708759655165655,0.5166666666666667,0.51519579070115,-0.04153153960564682,-0.11991136821814041,-0.1154849225753869,0.209406878025466,-1.127603295979187,-0.10060223462646278,2.103067887457729,0.005257669718644322,0.3475661557222609,3.0,1.0,0.5
naive,3,lightgbm,3580,359,360,360,0.5194444444444445,0.2506845389385581,0.694528274006115,0.48887652947719684,0.017902429698757705,0.5166666666666667,0.5345690963654245,-0.10657553053125524,-0.11991136821814041,-0.1154849225753869,0.07128639050382875,-9.579609571579864,-0.11195629776428717,24.5,0.06124999999999999,0.044722222222222205,35.0,1.0,0.55
naive,3,catboost,3580,359,360,360,0.5,0.2509004841625596,0.6949503183957325,0.4935731059201582,0.020497352822248308,0.5166666666666667,0.49616931384441837,-0.03864574845375068,-0.11991136821814041,-0.1154849225753869,0.14265390425682398,-1.6096773194481793,-0.09482623047609107,46.88887530190493,0.1172221882547623,0.13382382902780796,67.0,1.0,0.5
naive,4,trend,3940,359,360,360,,,,,,,,0.01642319219199795,0.09746938674218608,0.1029554040357501,0.062040376113470644,1.6283159652843764,-0.016761895094546952,1.4,0.0034999999999999996,0.09722222222222222,2.0,1.0,
naive,4,prior,3940,359,360,360,0.5083333333333333,0.2509581836474474,0.6950712996299684,0.5,0.03205663881151344,0.5083333333333333,0.5403899721448467,0.0,0.09746938674218608,0.1029554040357501,0.0,0.0,0.0,0.0,0.0,0.0,0.0,1.0,0.65
naive,4,ridge_logistic,3940,359,360,360,0.5083333333333333,0.25085129967477904,0.6948563230067342,0.5078879935784631,0.03179239621030583,0.5083333333333333,0.5401257295436391,0.00649784333016501,0.09746938674218608,0.1029554040357501,0.07759244362288094,0.5463749144558459,-0.03009183160258111,6.815208731621568,0.017038021829053923,0.01615916966668796,10.0,1.0,0.55
naive,4,lightgbm,3940,359,360,360,0.5083333333333333,0.2509825676383149,0.6951203696320977,0.47170510326942666,0.03168111789055428,0.5083333333333333,0.5400144512238876,0.0,0.09746938674218608,0.1029554040357501,0.0,0.0,0.0,0.0,0.0,0.0,0.0,1.0,0.65
naive,4,catboost,3940,359,360,360,0.5083333333333333,0.25105704540687473,0.6952702087072447,0.4724460498286561,0.03133918598471286,0.5083333333333333,0.5396725193180462,0.0,0.09746938674218608,0.1029554040357501,0.0,0.0,0.0,0.0,0.0,0.0,0.0,1.0,0.65
naive,5,trend,4300,359,360,360,,,,,,,,-0.014890942719629319,0.12919564985141774,0.13486419598383326,0.073983992780204,-1.196630695353098,-0.04241902951871057,4.199999999999999,0.010499999999999999,0.12930555555555553,6.0,1.0,
naive,5,prior,4300,359,360,360,0.5,0.25032782178909224,0.6938032543827889,0.5,0.01810584958217276,0.5,0.5181058495821728,0.0458479316853877,0.12919564985141774,0.13486419598383326,0.1226419004238082,2.2850376092416838,-0.04067814886263499,0.7,0.0017499999999999998,0.35000000000000003,1.0,1.0,0.5
naive,5,ridge_logistic,4300,359,360,360,0.5,0.2510968318803506,0.6953455604603159,0.4753703703703704,0.02625666284789474,0.5,0.5262566628478947,0.0458479316853877,0.12919564985141774,0.13486419598383326,0.1226419004238082,2.2850376092416838,-0.04067814886263499,0.7,0.0017499999999999998,0.35000000000000003,1.0,1.0,0.5
naive,5,lightgbm,4300,359,360,360,0.5083333333333333,0.2538479250597511,0.7009627435658297,0.49342592592592593,0.04685789162597216,0.5,0.5401818148603076,0.0,0.12919564985141774,0.13486419598383326,0.0,0.0,0.0,0.0,0.0,0.0,0.0,1.0,0.65
naive,5,catboost,4300,359,360,360,0.5027777777777778,0.25252196438987845,0.6982447738986135,0.5068827160493827,0.055131597529048205,0.5,0.5464786316481921,-0.09347827586878577,0.12919564985141774,0.13486419598383326,0.09401309516946146,-6.302501620519666,-0.10975734163332351,40.6,0.10149999999999998,0.1788888888888889,58.0,1.0,0.55
naive,6,trend,4660,359,360,360,,,,,,,,0.015822222828485888,-0.01436838502627591,-0.00942233018642158,0.06867973393279232,1.4248408482712733,-0.025977640444811434,1.4,0.0034999999999999996,0.11861111111111113,2.0,1.0,
naive,6,prior,4660,359,360,360,0.5166666666666667,0.24977007213372543,0.6926872785851047,0.5,0.006917363045496727,0.5166666666666667,0.50974930362117,-0.0032073136080329467,-0.01436838502627591,-0.00942233018642158,0.11024512917798053,-0.12216101341987294,-0.04684881402689911,0.7,0.0017499999999999998,0.35000000000000003,1.0,1.0,0.5
naive,6,ridge_logistic,4660,359,360,360,0.5166666666666667,0.24973096087205973,0.6926090301175124,0.5374799159560005,0.007554204594409586,0.5166666666666667,0.5091124620722571,-0.0032073136080329467,-0.01436838502627591,-0.00942233018642158,0.11024512917798053,-0.12216101341987294,-0.04684881402689911,0.7,0.0017499999999999998,0.35000000000000003,1.0,1.0,0.5
naive,6,lightgbm,4660,359,360,360,0.5166666666666667,0.24975271118094303,0.6926525421027324,0.5269126189593376,0.0069659342533050506,0.5166666666666667,0.5097007324133617,-0.0032073136080329467,-0.01436838502627591,-0.00942233018642158,0.11024512917798053,-0.12216101341987294,-0.04684881402689911,0.7,0.0017499999999999998,0.35000000000000003,1.0,1.0,0.5
naive,6,catboost,4660,359,360,360,0.525,0.26186060333496036,0.7184217218370563,0.5148930910888642,0.0985239770246336,0.5166666666666667,0.41814268964203305,-0.001603878351839838,-0.01436838502627591,-0.00942233018642158,0.004729425076960451,-2.062312425119408,-0.0026208045255111667,2.0999999999999996,0.0052499999999999995,0.0029166666666666664,3.0,1.0,0.55
naive,7,trend,5020,359,360,360,,,,,,,,-0.025406246868804216,0.009477376957548467,0.014481579876272521,0.06279977130808452,-2.4613516670523152,-0.042271215628265635,2.0999999999999996,0.0052499999999999995,0.1370833333333333,3.0,1.0,
naive,7,prior,5020,359,360,360,0.5111111111111111,0.24997098960367406,0.6930891596222466,0.5,0.009718353450944128,0.4888888888888889,0.498607242339833,0.0,0.009477376957548467,0.014481579876272521,0.0,0.0,0.0,0.0,0.0,0.0,0.0,1.0,0.65
naive,7,ridge_logistic,5020,359,360,360,0.525,0.25011022959358264,0.6933679777127638,0.5263401679841897,0.020555295462950277,0.4888888888888889,0.5036468171874716,-0.03372332916766008,0.009477376957548467,0.014481579876272521,0.1199895769147747,-1.67912179471902,-0.057870594178758394,23.799999999999997,0.0595,0.2809722222222223,34.0,1.0,0.5
naive,7,lightgbm,5020,359,360,360,0.4638888888888889,0.2505536988221239,0.6942546083108911,0.4756052371541502,0.04512190580148043,0.4888888888888889,0.4958432963168934,-0.09887204116988546,0.009477376957548467,0.014481579876272521,0.057334903517531906,-11.015746588587891,-0.10335752594820735,37.8,0.0945,0.11569444444444446,54.0,1.0,0.5
naive,7,catboost,5020,359,360,360,0.49444444444444446,0.2553344592086209,0.7039979237202237,0.46788537549407117,0.0479398193374653,0.4888888888888889,0.4791339474638014,-0.04218209963437858,0.009477376957548467,0.014481579876272521,0.03864004493288429,-6.7653487117204545,-0.04937214826916092,14.7,0.03675,0.025277777777777777,21.0,1.0,0.55
naive,8,trend,5380,359,360,360,,,,,,,,0.0,-0.20514042238699215,-0.2011573713752033,0.0,0.0,0.0,0.0,0.0,0.0,0.0,1.0,
naive,8,prior,5380,359,360,360,0.5055555555555555,0.2500644867056518,0.6932762678648308,0.5,0.009764778706283117,0.5055555555555555,0.5153203342618387,0.0,-0.20514042238699215,-0.2011573713752033,0.0,0.0,0.0,0.0,0.0,0.0,0.0,1.0,0.65
naive,8,ridge_logistic,5380,359,360,360,0.5055555555555555,0.25461467499100565,0.7024986869540444,0.5283985677244105,0.0732224773191137,0.5055555555555555,0.5787780328746692,-0.055830155028566586,-0.20514042238699215,-0.2011573713752033,0.06303726720605941,-5.512037925019557,-0.055830155028566586,18.199999999999996,0.0455,0.05444444444444444,26.0,1.0,0.6
naive,8,lightgbm,5380,359,360,360,0.5055555555555555,0.2501329398142656,0.6934133286483857,0.4916039017162613,0.012467804971599494,0.5055555555555555,0.518023360527155,0.0,-0.20514042238699215,-0.2011573713752033,0.0,0.0,0.0,0.0,0.0,0.0,0.0,1.0,0.65
naive,8,catboost,5380,359,360,360,0.5,0.2554719495630173,0.7042759869560131,0.507223113964687,0.07635079641699469,0.5055555555555555,0.5758487346482045,-0.09549566526854825,-0.20514042238699215,-0.2011573713752033,0.15110424142926318,-3.964563846641525,-0.09807705279106627,19.599999999999998,0.048999999999999995,0.28194444444444444,28.0,1.0,0.55
naive,9,trend,5740,359,360,360,,,,,,,,-0.018454776760930325,-0.24968451099688893,-0.24591949016551384,0.04686625251259755,-2.3943559314365404,-0.02798906655817901,1.4,0.0034999999999999996,0.05444444444444444,2.0,1.0,
naive,9,prior,5740,359,360,360,0.49166666666666664,0.2504900515462584,0.6941276640573836,0.5,0.0236536675951719,0.5083333333333333,0.4846796657381614,0.0,-0.24968451099688893,-0.24591949016551384,0.0,0.0,0.0,0.0,0.0,0.0,0.0,1.0,0.65
naive,9,ridge_logistic,5740,359,360,360,0.5,0.2503146491160854,0.6937766162475304,0.48192399123213236,0.017215386287361873,0.5083333333333333,0.49111794704597145,0.0,-0.24968451099688893,-0.24591949016551384,0.0,0.0,0.0,0.0,0.0,0.0,0.0,1.0,0.65
naive,9,lightgbm,5740,359,360,360,0.475,0.25831902017058056,0.710255987047936,0.45944861226884004,0.07540343016582471,0.5083333333333333,0.5337710976422002,-0.10312892138895846,-0.24968451099688893,-0.24591949016551384,0.08912168634496469,-7.383618355110425,-0.10312892138895846,23.099999999999998,0.05775,0.051527777777777777,33.0,1.0,0.6
naive,9,catboost,5740,359,360,360,0.4861111111111111,0.2523089157556214,0.6977943346696139,0.47923805995492574,0.036564397430037684,0.5083333333333333,0.5029839853393224,-0.038869888789712315,-0.24968451099688893,-0.24591949016551384,0.0854521755359133,-2.77936856105628,-0.06485505323341045,13.999999999999998,0.034999999999999996,0.02722222222222222,20.0,1.0,0.55
naive,10,trend,6100,359,360,360,,,,,,,,-0.01753203645755974,0.16427233000087327,0.17018042529906374,0.09090811879153879,-1.138126538281643,-0.04587522741359151,2.0999999999999996,0.0052499999999999995,0.16819444444444445,3.0,1.0,
naive,10,prior,6100,359,360,360,0.5027777777777778,0.25004088612320235,0.6932289752212613,0.5,0.006971525843392223,0.5027777777777778,0.50974930362117,0.0,0.16427233000087327,0.17018042529906374,0.0,0.0,0.0,0.0,0.0,0.0,0.0,1.0,0.65
naive,10,ridge_logistic,6100,359,360,360,0.45555555555555555,0.2512313681946151,0.6956116769022945,0.4673601037069045,0.06162608212850172,0.5027777777777778,0.5155335354962768,0.009498457189101916,0.16427233000087327,0.17018042529906374,0.025771311625497874,2.244399467208434,-0.006430684923137919,2.0999999999999996,0.0052499999999999995,0.00486111111111111,3.0,1.0,0.55
naive,10,lightgbm,6100,359,360,360,0.5027777777777778,0.25001332096114937,0.6931738214397725,0.5267755177628939,0.006756634160904107,0.5027777777777778,0.5095344119386819,0.0,0.16427233000087327,0.17018042529906374,0.0,0.0,0.0,0.0,0.0,0.0,0.0,1.0,0.65
naive,10,catboost,6100,359,360,360,0.55,0.24920510347131253,0.6915611115299308,0.5498935152319516,0.033795512269227036,0.5027777777777778,0.497348466684888,-0.0040848806363912304,0.16427233000087327,0.17018042529906374,0.008195342713511699,-3.034258883092898,-0.0040848806363912304,0.7,0.0017499999999999998,0.0009722222222222222,1.0,1.0,0.55
naive,11,trend,6460,359,360,360,,,,,,,,-0.0017224271156506266,-0.22298330944751932,-0.21909073196077133,0.04754537589678229,-0.19678235261231608,-0.015836931544953692,0.7,0.0017499999999999998,0.05541666666666668,1.0,1.0,
naive,11,prior,6460,359,360,360,0.475,0.2505825141021562,0.6943123684935743,0.5,0.034749303621170013,0.475,0.50974930362117,-0.08160510882440297,-0.22298330944751932,-0.21909073196077133,0.14351677435476912,-3.536124408869104,-0.10715402857526413,0.7,0.0017499999999999998,0.35000000000000003,1.0,1.0,0.5
naive,11,ridge_logistic,6460,359,360,360,0.475,0.2505959707361264,0.6943392921449496,0.4342027909279371,0.03481470534892206,0.475,0.509814705348922,-0.08160510882440297,-0.22298330944751932,-0.21909073196077133,0.14351677435476912,-3.536124408869104,-0.10715402857526413,0.7,0.0017499999999999998,0.35000000000000003,1.0,1.0,0.5
naive,11,lightgbm,6460,359,360,360,0.49722222222222223,0.24997486851669196,0.6930958449657202,0.535319780933816,0.03566843793688178,0.475,0.5106684379368819,-0.1514267211127709,-0.22298330944751932,-0.21909073196077133,0.13304853624744414,-7.439282478984992,-0.16645487222669453,28.0,0.06999999999999999,0.29944444444444446,40.0,1.0,0.5
naive,11,catboost,6460,359,360,360,0.475,0.25051143746501636,0.6941701676534028,0.5383829945233454,0.03459074526570338,0.475,0.5095907452657034,-0.08160510882440297,-0.22298330944751932,-0.21909073196077133,0.14351677435476912,-3.536124408869104,-0.10715402857526413,0.7,0.0017499999999999998,0.35000000000000003,1.0,1.0,0.5
timesfm,0,trend,2500,359,360,360,,,,,,,,-0.02018400233570128,0.021292619376455768,0.02636637290102506,0.07600478837973888,-1.5939797292493414,-0.04770189681477932,2.0999999999999996,0.0052499999999999995,0.09625,3.0,1.0,
timesfm,0,prior,2500,359,360,360,0.5388888888888889,0.24871905952864357,0.6905838019092465,0.5,0.01521200866604766,0.5388888888888889,0.5236768802228412,0.0,0.021292619376455768,0.02636637290102506,0.0,0.0,0.0,0.0,0.0,0.0,0.0,1.0,0.65
timesfm,0,ridge_logistic,2500,359,360,360,0.5388888888888889,0.24823960165456663,0.6896187873910169,0.5120171407278599,0.004248507977466454,0.5388888888888889,0.5346403809114224,0.0,0.021292619376455768,0.02636637290102506,0.0,0.0,0.0,0.0,0.0,0.0,0.0,1.0,0.65
timesfm,0,lightgbm,2500,359,360,360,0.5388888888888889,0.2487525654204934,0.6906509618568372,0.461837038877158,0.015330752874143316,0.5388888888888889,0.5235581360147455,0.0,0.021292619376455768,0.02636637290102506,0.0,0.0,0.0,0.0,0.0,0.0,0.0,1.0,0.65
timesfm,0,catboost,2500,359,360,360,0.5472222222222223,0.2476736347089635,0.6884957494105757,0.5405850204943485,0.018559650711129506,0.5388888888888889,0.5306649824745703,-0.0763888217457338,0.021292619376455768,0.02636637290102506,0.0848504156280784,-5.653980865008235,-0.08056277571986625,30.675010816205635,0.0766875270405141,0.054096972390790456,44.0,1.0,0.55
timesfm,1,trend,2860,359,360,360,,,,,,,,0.030615570217227717,0.19897440625922647,0.20501766784452347,0.0849959382948778,2.2008779686105413,-0.022236932562325507,2.0999999999999996,0.0052499999999999995,0.1701388888888889,3.0,1.0,
timesfm,1,prior,2860,359,360,360,0.5166666666666667,0.24972429346968647,0.6925956697291985,0.5,0.0014391829155060432,0.5166666666666667,0.5181058495821728,0.0,0.19897440625922647,0.20501766784452347,0.0,0.0,0.0,0.0,0.0,0.0,0.0,1.0,0.65
timesfm,1,ridge_logistic,2860,359,360,360,0.5166666666666667,0.25065290047544664,0.6944636740968945,0.5130700778642937,0.029305336282087646,0.5166666666666667,0.5459720029487544,-0.0036062052575520642,0.19897440625922647,0.20501766784452347,0.08809879739783491,-0.20547033843023674,-0.032666148252066485,30.799999999999997,0.077,0.11374999999999999,44.0,1.0,0.55
timesfm,1,lightgbm,2860,359,360,360,0.48333333333333334,0.25032717397221776,0.6938000210262028,0.4881967618341367,0.036073466906501726,0.5166666666666667,0.5175498245319546,-0.03683193884810865,0.19897440625922647,0.20501766784452347,0.028840305923065766,-7.900837294819573,-0.03744631519156494,10.5,0.026249999999999996,0.014583333333333334,15.0,1.0,0.55
timesfm,1,catboost,2860,359,360,360,0.49166666666666664,0.25175298114520755,0.6966515048574935,0.48442714126807557,0.04624478019505907,0.5166666666666667,0.5180199888914884,-0.007886110922777467,0.19897440625922647,0.20501766784452347,0.014556983882362396,-3.301340523081533,-0.009222671463269827,4.8999999999999995,0.012249999999999999,0.0077777777777777776,7.0,1.0,0.6
timesfm,2,trend,3220,359,360,360,,,,,,,,0.054930426874193916,0.4320599426851741,0.43921177643539866,0.13510176862268614,2.4754855182876745,-0.05399131002562252,2.0999999999999996,0.0052499999999999995,0.16138888888888892,3.0,1.0,
timesfm,2,prior,3220,359,360,360,0.5388888888888889,0.24853465168988792,0.6902138728716477,0.5,0.00685546270504489,0.5388888888888889,0.532033426183844,0.14090223854827455,0.4320599426851741,0.43921177643539866,0.20054551584093241,4.099385875799123,-0.049795056841904106,0.7,0.0017499999999999998,0.35000000000000003,1.0,1.0,0.5
timesfm,2,ridge_logistic,3220,359,360,360,0.5527777777777778,0.24851192998668137,0.6901820272963785,0.5407713327536952,0.036667135766151014,0.5388888888888889,0.5131071251948993,-0.008800313815815697,0.4320599426851741,0.43921177643539866,0.050954307045197184,-1.0298292202687247,-0.02528546450450908,8.399999999999999,0.020999999999999998,0.02236111111111111,12.0,1.0,0.55
timesfm,2,lightgbm,3220,359,360,360,0.475,0.2533396793763191,0.6998630267625453,0.4924233014532356,0.06424581731442144,0.5388888888888889,0.48313531911370244,-0.09791513668355678,0.4320599426851741,0.43921177643539866,0.12934442717348174,-4.781082849915244,-0.10705679383502342,35.0,0.0875,0.12930555555555556,50.0,1.0,0.5
timesfm,2,catboost,3220,359,360,360,0.49722222222222223,0.2535512628210529,0.7003421729787586,0.5130108061110421,0.06706594412385254,0.5388888888888889,0.47519145969448906,-0.007927084363865577,0.4320599426851741,0.43921177643539866,0.017511706388939372,-2.755908876415485,-0.007927084363865577,0.7,0.0017499999999999998,0.0009722222222222222,1.0,1.0,0.6
timesfm,3,trend,3580,359,360,360,,,,,,,,-0.0153270104687806,-0.11991136821814041,-0.1154849225753869,0.10567858201566041,-0.8363019638733967,-0.030417354007000297,1.4,0.0034999999999999996,0.07583333333333334,2.0,1.0,
timesfm,3,prior,3580,359,360,360,0.5166666666666667,0.24972429346968647,0.6925956697291985,0.5,0.0014391829155060432,0.5166666666666667,0.5181058495821728,-0.03754066677043466,-0.11991136821814041,-0.1154849225753869,0.20953184899432303,-1.0061816803720756,-0.10060223462646267,0.7030678874577291,0.0017576697186443228,0.3495106001667053,1.0,1.0,0.5
timesfm,3,ridge_logistic,3580,359,360,360,0.5166666666666667,0.24969161315174274,0.6925302220872555,0.5398900012359411,0.0018093066524711432,0.5166666666666667,0.5184759733191379,-0.03754066677043466,-0.11991136821814041,-0.1154849225753869,0.20953184899432303,-1.0061816803720756,-0.10060223462646267,0.7030678874577291,0.0017576697186443228,0.3495106001667053,1.0,1.0,0.5
timesfm,3,lightgbm,3580,359,360,360,0.5333333333333333,0.2492126091067777,0.6915719472375741,0.5547212952663454,0.02241522250842679,0.5166666666666667,0.5104246320398425,-0.07623573952840612,-0.11991136821814041,-0.1154849225753869,0.2006010869848421,-2.3042573963627437,-0.12094969845414882,15.403067887457727,0.03850766971864432,0.32423282238892753,22.0,1.0,0.5
timesfm,3,catboost,3580,359,360,360,0.5111111111111111,0.252436251023284,0.6981438864740702,0.5280558645408479,0.05773659083029383,0.5166666666666667,0.4729180719846279,-0.036250675886744355,-0.11991136821814041,-0.1154849225753869,0.046393333914160034,-4.818190366173579,-0.036250675886744355,12.571121415877474,0.03142780353969368,0.024100368959332676,18.0,1.0,0.55
timesfm,4,trend,3940,359,360,360,,,,,,,,0.01642319219199795,0.09746938674218608,0.1029554040357501,0.062040376113470644,1.6283159652843764,-0.016761895094546952,1.4,0.0034999999999999996,0.09722222222222222,2.0,1.0,
timesfm,4,prior,3940,359,360,360,0.5083333333333333,0.2509581836474474,0.6950712996299684,0.5,0.03205663881151344,0.5083333333333333,0.5403899721448467,0.0,0.09746938674218608,0.1029554040357501,0.0,0.0,0.0,0.0,0.0,0.0,0.0,1.0,0.65
timesfm,4,ridge_logistic,3940,359,360,360,0.5083333333333333,0.2504323431803452,0.6940118292560826,0.5131054922663703,0.02897545326160178,0.5083333333333333,0.5373087865949351,0.008060273305465326,0.09746938674218608,0.1029554040357501,0.07975131682227596,0.6520407461808678,-0.0389866448596925,8.235509354876235,0.020588773387190586,0.020819441387055132,12.0,1.0,0.55
timesfm,4,lightgbm,3940,359,360,360,0.5083333333333333,0.2512348876737,0.6956293324659306,0.4772930752369486,0.035137535260427843,0.5083333333333333,0.5434708685937611,-0.06946821513655888,0.09746938674218608,0.1029554040357501,0.09448091670527468,-4.588343975027278,-0.07862208406841498,34.942407461371076,0.08735601865342768,0.0765765208547357,50.0,1.0,0.55
timesfm,4,catboost,3940,359,360,360,0.5083333333333333,0.2508787272548713,0.6949131245979052,0.5152048408508536,0.030918409294193316,0.5083333333333333,0.5392517426275266,-0.029602107970224,0.09746938674218608,0.1029554040357501,0.0412826620501768,-4.40715552372348,-0.03241853322809607,13.965438576118526,0.03491359644029632,0.028146442466831286,20.0,1.0,0.55
timesfm,5,trend,4300,359,360,360,,,,,,,,-0.014890942719629319,0.12919564985141774,0.13486419598383326,0.073983992780204,-1.196630695353098,-0.04241902951871057,4.199999999999999,0.010499999999999999,0.12930555555555553,6.0,1.0,
timesfm,5,prior,4300,359,360,360,0.5,0.25032782178909224,0.6938032543827889,0.5,0.01810584958217276,0.5,0.5181058495821728,0.0458479316853877,0.12919564985141774,0.13486419598383326,0.1226419004238082,2.2850376092416838,-0.04067814886263499,0.7,0.0017499999999999998,0.35000000000000003,1.0,1.0,0.5
timesfm,5,ridge_logistic,4300,359,360,360,0.49444444444444446,0.25217642237454513,0.6975290218043466,0.4900925925925926,0.039061095091167466,0.5,0.5320820449025632,-0.09883507916390877,0.12919564985141774,0.13486419598383326,0.04884098940900481,-12.935603287337361,-0.09850095672120174,30.099999999999998,0.07524999999999998,0.06708333333333333,43.0,1.0,0.55
timesfm,5,lightgbm,4300,359,360,360,0.5138888888888888,0.25735589277016907,0.7083911435919528,0.5130864197530864,0.07271042785108212,0.5,0.5713239201336969,-0.02976108973331071,0.12919564985141774,0.13486419598383326,0.040579109839021334,-4.508845292203844,-0.02976108973331071,20.299999999999997,0.05074999999999999,0.034027777777777775,29.0,1.0,0.65
timesfm,5,catboost,4300,359,360,360,0.5055555555555555,0.24923082058360743,0.6916023125148836,0.547716049382716,0.04135423467921278,0.5,0.5238072007466983,-0.0128229417696335,0.12919564985141774,0.13486419598383326,0.03108332353187764,-2.510242090415678,-0.01750686023528103,12.599999999999998,0.0315,0.020416666666666666,18.0,1.0,0.6
timesfm,6,trend,4660,359,360,360,,,,,,,,0.015822222828485888,-0.01436838502627591,-0.00942233018642158,0.06867973393279232,1.4248408482712733,-0.025977640444811434,1.4,0.0034999999999999996,0.11861111111111113,2.0,1.0,
timesfm,6,prior,4660,359,360,360,0.5166666666666667,0.24977007213372543,0.6926872785851047,0.5,0.006917363045496727,0.5166666666666667,0.50974930362117,-0.0032073136080329467,-0.01436838502627591,-0.00942233018642158,0.11024512917798053,-0.12216101341987294,-0.04684881402689911,0.7,0.0017499999999999998,0.35000000000000003,1.0,1.0,0.5
timesfm,6,ridge_logistic,4660,359,360,360,0.5222222222222223,0.24949246392523858,0.6921319384697359,0.5482017055988135,0.01486940599654293,0.5166666666666667,0.5072504847813993,-0.011251162571388917,-0.01436838502627591,-0.00942233018642158,0.10588747164011272,-0.5971366475512654,-0.04572709617309523,9.1,0.022749999999999996,0.33638888888888896,13.0,1.0,0.5
timesfm,6,lightgbm,4660,359,360,360,0.5083333333333333,0.25028429843567435,0.6937158401070115,0.44737980472129524,0.005878817511328593,0.5166666666666667,0.510787849155338,-0.025623716408360142,-0.01436838502627591,-0.00942233018642158,0.11006745619530399,-1.3795971064644357,-0.05948824049423307,8.399999999999999,0.020999999999999998,0.33930555555555564,12.0,1.0,0.5
timesfm,6,catboost,4660,359,360,360,0.5055555555555555,0.25023288123988524,0.6936129172367277,0.48974168829563713,0.020152651776811723,0.5166666666666667,0.5254059060650718,-0.0189463874572926,-0.01436838502627591,-0.00942233018642158,0.02105352732946624,-5.516311359394264,-0.019301497379029642,7.699999999999999,0.019249999999999996,0.015555555555555555,11.0,1.0,0.55
timesfm,7,trend,5020,359,360,360,,,,,,,,-0.025406246868804216,0.009477376957548467,0.014481579876272521,0.06279977130808452,-2.4613516670523152,-0.042271215628265635,2.0999999999999996,0.0052499999999999995,0.1370833333333333,3.0,1.0,
timesfm,7,prior,5020,359,360,360,0.5111111111111111,0.24997098960367406,0.6930891596222466,0.5,0.009718353450944128,0.4888888888888889,0.498607242339833,0.0,0.009477376957548467,0.014481579876272521,0.0,0.0,0.0,0.0,0.0,0.0,0.0,1.0,0.65
timesfm,7,ridge_logistic,5020,359,360,360,0.5194444444444445,0.24992386094268074,0.6929949149792902,0.5176321640316206,0.01667468699339885,0.4888888888888889,0.5004891886985299,-0.08162634505002275,0.009477376957548467,0.014481579876272521,0.10786972637732739,-4.74756599377446,-0.08943363641825353,36.400000000000006,0.091,0.19736111111111115,52.0,1.0,0.5
timesfm,7,lightgbm,5020,359,360,360,0.5111111111111111,0.2499732010995213,0.693093582646272,0.4359251482213439,0.009764219720853728,0.4888888888888889,0.4986531086097426,0.0,0.009477376957548467,0.014481579876272521,0.0,0.0,0.0,0.0,0.0,0.0,0.0,1.0,0.65
timesfm,7,catboost,5020,359,360,360,0.5027777777777778,0.2545649492895313,0.7024365800614186,0.4732275197628458,0.04485221744436052,0.4888888888888889,0.4629673316911661,-0.0512718517980546,0.009477376957548467,0.014481579876272521,0.05398964551350239,-5.902974128414234,-0.06304960229530354,24.5,0.06124999999999999,0.05541666666666666,35.0,1.0,0.5
timesfm,8,trend,5380,359,360,360,,,,,,,,0.0,-0.20514042238699215,-0.2011573713752033,0.0,0.0,0.0,0.0,0.0,0.0,0.0,1.0,
timesfm,8,prior,5380,359,360,360,0.5055555555555555,0.2500644867056518,0.6932762678648308,0.5,0.009764778706283117,0.5055555555555555,0.5153203342618387,0.0,-0.20514042238699215,-0.2011573713752033,0.0,0.0,0.0,0.0,0.0,0.0,0.0,1.0,0.65
timesfm,8,ridge_logistic,5380,359,360,360,0.5055555555555555,0.2543455486706643,0.701991719096807,0.5269477713297939,0.07039684042291773,0.5055555555555555,0.5759523959784733,-0.047032825123810906,-0.20514042238699215,-0.2011573713752033,0.06042232226756844,-4.819686500966108,-0.05129056463143722,16.799999999999997,0.041999999999999996,0.055416666666666656,24.0,1.0,0.6
timesfm,8,lightgbm,5380,359,360,360,0.5138888888888888,0.2815943534844984,0.7645680554337572,0.4821582911470552,0.15891591726817716,0.5055555555555555,0.6639408150453611,-0.0839808168015227,-0.20514042238699215,-0.2011573713752033,0.13155283361776862,-3.990038687652193,-0.10842138866556139,38.5,0.09625,0.2090277777777778,55.0,1.0,0.65
timesfm,8,catboost,5380,359,360,360,0.5111111111111111,0.25634993539901785,0.7061226496494218,0.4923138659093716,0.07131324574501421,0.5055555555555555,0.5768688013005699,-0.07165972501207907,-0.20514042238699215,-0.2011573713752033,0.09176230413243024,-4.883052273151682,-0.07165972501207907,32.199999999999996,0.08049999999999999,0.09333333333333334,46.0,1.0,0.6
timesfm,9,trend,5740,359,360,360,,,,,,,,-0.018454776760930325,-0.24968451099688893,-0.24591949016551384,0.04686625251259755,-2.3943559314365404,-0.02798906655817901,1.4,0.0034999999999999996,0.05444444444444444,2.0,1.0,
timesfm,9,prior,5740,359,360,360,0.49166666666666664,0.2504900515462584,0.6941276640573836,0.5,0.0236536675951719,0.5083333333333333,0.4846796657381614,0.0,-0.24968451099688893,-0.24591949016551384,0.0,0.0,0.0,0.0,0.0,0.0,0.0,1.0,0.65
timesfm,9,ridge_logistic,5740,359,360,360,0.5027777777777778,0.2501919145079473,0.6935265345703758,0.4911858232225001,0.011318274394099784,0.5083333333333333,0.5014805096678681,-0.08235019196310878,-0.24968451099688893,-0.24591949016551384,0.1408282339589833,-3.6413651586512708,-0.11859383293118864,26.6,0.06649999999999999,0.18666666666666668,38.0,1.0,0.5
timesfm,9,lightgbm,5740,359,360,360,0.5222222222222223,0.25691332040873444,0.7076850709971864,0.49924361705412,0.0458008912490773,0.5083333333333333,0.5230981648564685,-0.06390862765326544,-0.24968451099688893,-0.24591949016551384,0.06761361739351579,-5.907368455361778,-0.06873261856304358,8.399999999999999,0.020999999999999998,0.016527777777777777,12.0,1.0,0.65
timesfm,9,catboost,5740,359,360,360,0.5083333333333333,0.2515499427447242,0.6962878391271334,0.49606372140409377,0.01849091719829256,0.5083333333333333,0.4944748460194023,-0.02236941642034429,-0.24968451099688893,-0.24591949016551384,0.052368862968236625,-2.601633415418429,-0.03816735734327592,6.299999999999999,0.01575,0.012638888888888889,9.0,1.0,0.55
timesfm,10,trend,6100,359,360,360,,,,,,,,-0.01753203645755974,0.16427233000087327,0.17018042529906374,0.09090811879153879,-1.138126538281643,-0.04587522741359151,2.0999999999999996,0.0052499999999999995,0.16819444444444445,3.0,1.0,
timesfm,10,prior,6100,359,360,360,0.5027777777777778,0.25004088612320235,0.6932289752212613,0.5,0.006971525843392223,0.5027777777777778,0.50974930362117,0.0,0.16427233000087327,0.17018042529906374,0.0,0.0,0.0,0.0,0.0,0.0,0.0,1.0,0.65
timesfm,10,ridge_logistic,6100,359,360,360,0.475,0.25100499138184834,0.695162594582149,0.48822494521435844,0.04612441541619595,0.5027777777777778,0.5201448588737607,-0.005028510499781369,0.16427233000087327,0.17018042529906374,0.006351593260496226,-4.825069511312885,-0.005110801664290121,2.0999999999999996,0.0052499999999999995,0.005833333333333334,3.0,1.0,0.55
timesfm,10,lightgbm,6100,359,360,360,0.5277777777777778,0.24969719079355027,0.69254165840612,0.5431957776474583,0.020366463809771862,0.5027777777777778,0.5059896007395979,0.0015616433210114966,0.16427233000087327,0.17018042529906374,0.1452888537123477,0.13789437270948546,-0.05298299792812977,28.0,0.06999999999999999,0.2906944444444445,40.0,1.0,0.5
timesfm,10,catboost,6100,359,360,360,0.55,0.24927544766869916,0.6916977288639925,0.5611284298898115,0.042283367492969896,0.5027777777777778,0.5061335355824348,0.018103957298901685,0.16427233000087327,0.17018042529906374,0.14247091746257182,0.8372455554838295,-0.043519678244500426,32.2,0.08049999999999999,0.28097222222222223,46.0,1.0,0.5
timesfm,11,trend,6460,359,360,360,,,,,,,,-0.0017224271156506266,-0.22298330944751932,-0.21909073196077133,0.04754537589678229,-0.19678235261231608,-0.015836931544953692,0.7,0.0017499999999999998,0.05541666666666668,1.0,1.0,
timesfm,11,prior,6460,359,360,360,0.475,0.2505825141021562,0.6943123684935743,0.5,0.034749303621170013,0.475,0.50974930362117,-0.08160510882440297,-0.22298330944751932,-0.21909073196077133,0.14351677435476912,-3.536124408869104,-0.10715402857526413,0.7,0.0017499999999999998,0.35000000000000003,1.0,1.0,0.5
timesfm,11,ridge_logistic,6460,359,360,360,0.475,0.2519521512473995,0.6970559479480604,0.44741483337974564,0.04287107295157775,0.475,0.5178567343157701,-0.07741586864606342,-0.22298330944751932,-0.21909073196077133,0.14267369832433,-3.363861843818814,-0.10513370638553166,1.4,0.0034999999999999996,0.34805555555555556,2.0,1.0,0.5
timesfm,11,lightgbm,6460,359,360,360,0.48055555555555557,0.2501752099550056,0.6934973515682161,0.5618057489402518,0.035748915750415514,0.475,0.5107489157504155,-0.0895410083543382,-0.22298330944751932,-0.21909073196077133,0.14186885646064032,-3.9508958266342917,-0.11486915851883794,4.8999999999999995,0.012249999999999999,0.34416666666666673,7.0,1.0,0.5
timesfm,11,catboost,6460,359,360,360,0.4638888888888889,0.2517577479258672,0.6966646552439447,0.4252606825706241,0.049061539461600315,0.475,0.51278933346068,-0.10775172607329409,-0.22298330944751932,-0.21909073196077133,0.14276044441590702,-4.786047303812095,-0.13029108647259913,8.399999999999999,0.020999999999999998,0.3383333333333334,12.0,1.0,0.5
chronos,0,trend,2500,359,360,360,,,,,,,,-0.02018400233570128,0.021292619376455768,0.02636637290102506,0.07600478837973888,-1.5939797292493414,-0.04770189681477932,2.0999999999999996,0.0052499999999999995,0.09625,3.0,1.0,
chronos,0,prior,2500,359,360,360,0.5388888888888889,0.24871905952864357,0.6905838019092465,0.5,0.01521200866604766,0.5388888888888889,0.5236768802228412,0.0,0.021292619376455768,0.02636637290102506,0.0,0.0,0.0,0.0,0.0,0.0,0.0,1.0,0.65
chronos,0,ridge_logistic,2500,359,360,360,0.5388888888888889,0.2481742724842969,0.6894863686513052,0.5163023226928332,6.390737543759961e-05,0.5388888888888889,0.5388249815134513,0.0,0.021292619376455768,0.02636637290102506,0.0,0.0,0.0,0.0,0.0,0.0,0.0,1.0,0.65
chronos,0,lightgbm,2500,359,360,360,0.4666666666666667,0.2518082905870216,0.6967805966281975,0.43615699913054284,0.05472892222016956,0.5388888888888889,0.5174819190372195,-0.045435882451300036,0.021292619376455768,0.02636637290102506,0.04743936584810226,-5.938743762002463,-0.04560817395839478,12.44754695584134,0.03111886738960335,0.01728825966089075,18.0,1.0,0.55
chronos,0,catboost,2500,359,360,360,0.4888888888888889,0.25157433457782635,0.6963139746410762,0.44115637808967834,0.02908269048480038,0.5388888888888889,0.5130885316794982,-0.02099006205450249,0.021292619376455768,0.02636637290102506,0.07254484548270046,-1.7427674799565325,-0.03146661161137365,9.708556948475383,0.02427139237118846,0.015428551317326924,14.0,1.0,0.55
chronos,1,trend,2860,359,360,360,,,,,,,,0.030615570217227717,0.19897440625922647,0.20501766784452347,0.0849959382948778,2.2008779686105413,-0.022236932562325507,2.0999999999999996,0.0052499999999999995,0.1701388888888889,3.0,1.0,
chronos,1,prior,2860,359,360,360,0.5166666666666667,0.24972429346968647,0.6925956697291985,0.5,0.0014391829155060432,0.5166666666666667,0.5181058495821728,0.0,0.19897440625922647,0.20501766784452347,0.0,0.0,0.0,0.0,0.0,0.0,0.0,1.0,0.65
chronos,1,ridge_logistic,2860,359,360,360,0.5166666666666667,0.2496590505564777,0.6924648149249053,0.5244407366209367,0.006668242261044455,0.5166666666666667,0.5233349089277112,0.0,0.19897440625922647,0.20501766784452347,0.0,0.0,0.0,0.0,0.0,0.0,0.0,1.0,0.65
chronos,1,lightgbm,2860,359,360,360,0.5055555555555555,0.2504551373770772,0.6940608826265934,0.48961809417871704,0.01717867103153971,0.5166666666666667,0.5197048293707958,-0.039916637808082744,0.19897440625922647,0.20501766784452347,0.02899170423764993,-8.532445015189865,-0.040577846219927216,11.899999999999999,0.02975,0.02236111111111111,17.0,1.0,0.55
chronos,1,catboost,2860,359,360,360,0.5166666666666667,0.24954071590182691,0.6922279245240271,0.5203621307625758,0.0013334655529104733,0.5166666666666667,0.5180001322195772,0.0,0.19897440625922647,0.20501766784452347,0.0,0.0,0.0,0.0,0.0,0.0,0.0,1.0,0.65
chronos,2,trend,3220,359,360,360,,,,,,,,0.054930426874193916,0.4320599426851741,0.43921177643539866,0.13510176862268614,2.4754855182876745,-0.05399131002562252,2.0999999999999996,0.0052499999999999995,0.16138888888888892,3.0,1.0,
chronos,2,prior,3220,359,360,360,0.5388888888888889,0.24853465168988792,0.6902138728716477,0.5,0.00685546270504489,0.5388888888888889,0.532033426183844,0.14090223854827455,0.4320599426851741,0.43921177643539866,0.20054551584093241,4.099385875799123,-0.049795056841904106,0.7,0.0017499999999999998,0.35000000000000003,1.0,1.0,0.5
chronos,2,ridge_logistic,3220,359,360,360,0.5277777777777778,0.2488491441889642,0.6908564981431785,0.5313625636566887,0.027471169373590506,0.5388888888888889,0.5147772224245201,-0.026267093784357654,0.4320599426851741,0.43921177643539866,0.17275362558505392,-0.8509704258596784,-0.09942908680886764,37.8,0.0945,0.24111111111111114,54.0,1.0,0.5
chronos,2,lightgbm,3220,359,360,360,0.45,0.27047037134956303,0.7356126838872639,0.4818966588001491,0.14503578314022147,0.5388888888888889,0.41316022808835334,0.0,0.4320599426851741,0.43921177643539866,0.0,0.0,0.0,0.0,0.0,0.0,0.0,1.0,0.65
chronos,2,catboost,3220,359,360,360,0.5222222222222223,0.2562563539019938,0.706048306018559,0.5234753446776798,0.08668329604308324,0.5388888888888889,0.45220559284580564,0.0,0.4320599426851741,0.43921177643539866,0.0,0.0,0.0,0.0,0.0,0.0,0.0,1.0,0.6
chronos,3,trend,3580,359,360,360,,,,,,,,-0.0153270104687806,-0.11991136821814041,-0.1154849225753869,0.10567858201566041,-0.8363019638733967,-0.030417354007000297,1.4,0.0034999999999999996,0.07583333333333334,2.0,1.0,
chronos,3,prior,3580,359,360,360,0.5166666666666667,0.24972429346968647,0.6925956697291985,0.5,0.0014391829155060432,0.5166666666666667,0.5181058495821728,-0.03754066677043466,-0.11991136821814041,-0.1154849225753869,0.20953184899432303,-1.0061816803720756,-0.10060223462646267,0.7030678874577291,0.0017576697186443228,0.3495106001667053,1.0,1.0,0.5
chronos,3,ridge_logistic,3580,359,360,360,0.5166666666666667,0.25013284318450196,0.6934139544695992,0.4412618959337535,0.00026030478424698966,0.5166666666666667,0.5169269714509137,-0.03754066677043466,-0.11991136821814041,-0.1154849225753869,0.20953184899432303,-1.0061816803720756,-0.10060223462646267,0.7030678874577291,0.0017576697186443228,0.3495106001667053,1.0,1.0,0.5
chronos,3,lightgbm,3580,359,360,360,0.5166666666666667,0.24973416485338507,0.6926154325066883,0.48819676183413674,0.0021341374575309935,0.5166666666666667,0.5188008041241977,-0.03754066677043466,-0.11991136821814041,-0.1154849225753869,0.20953184899432303,-1.0061816803720756,-0.10060223462646267,0.7030678874577291,0.0017576697186443228,0.3495106001667053,1.0,1.0,0.5
chronos,3,catboost,3580,359,360,360,0.5166666666666667,0.2560717190098244,0.7055579428903845,0.47775305895439374,0.05022450052451594,0.5166666666666667,0.4742097753355248,-0.013000337693295783,-0.11991136821814041,-0.1154849225753869,0.07558693208942042,-1.0156847821668837,-0.03137324721088797,11.871121415877475,0.029677803539693688,0.030905924514888234,17.0,1.0,0.55
chronos,4,trend,3940,359,360,360,,,,,,,,0.01642319219199795,0.09746938674218608,0.1029554040357501,0.062040376113470644,1.6283159652843764,-0.016761895094546952,1.4,0.0034999999999999996,0.09722222222222222,2.0,1.0,
chronos,4,prior,3940,359,360,360,0.5083333333333333,0.2509581836474474,0.6950712996299684,0.5,0.03205663881151344,0.5083333333333333,0.5403899721448467,0.0,0.09746938674218608,0.1029554040357501,0.0,0.0,0.0,0.0,0.0,0.0,0.0,1.0,0.65
chronos,4,ridge_logistic,3940,359,360,360,0.5083333333333333,0.2503521164456644,0.6938497189264653,0.5260103115062826,0.029987138447597372,0.5083333333333333,0.5383204717809307,0.02290799069153926,0.09746938674218608,0.1029554040357501,0.08653060416769554,1.635468323102504,-0.03799657134841827,9.531862159292807,0.023829655398232015,0.02944472318741924,14.0,1.0,0.55
chronos,4,lightgbm,3940,359,360,360,0.5083333333333333,0.25127142667842733,0.6957009130893819,0.4989966348677102,0.035225958758359543,0.5083333333333333,0.5435592920916928,-0.0356864942657622,0.09746938674218608,0.1029554040357501,0.09368838597679421,-2.312772896407819,-0.04201148159255963,29.96224867016988,0.0749056216754247,0.05716978981968039,43.0,1.0,0.55
chronos,4,catboost,3940,359,360,360,0.5083333333333333,0.25131398271090055,0.695786397411764,0.49331604458028466,0.03772640145169681,0.5083333333333333,0.5460597347850301,-0.01799585904685108,0.09746938674218608,0.1029554040357501,0.10441892084719916,-1.0059040095986622,-0.052147153353769404,28.487068479072683,0.07121767119768171,0.07594226915617149,41.0,1.0,0.55
chronos,5,trend,4300,359,360,360,,,,,,,,-0.014890942719629319,0.12919564985141774,0.13486419598383326,0.073983992780204,-1.196630695353098,-0.04241902951871057,4.199999999999999,0.010499999999999999,0.12930555555555553,6.0,1.0,
chronos,5,prior,4300,359,360,360,0.5,0.25032782178909224,0.6938032543827889,0.5,0.01810584958217276,0.5,0.5181058495821728,0.0458479316853877,0.12919564985141774,0.13486419598383326,0.1226419004238082,2.2850376092416838,-0.04067814886263499,0.7,0.0017499999999999998,0.35000000000000003,1.0,1.0,0.5
chronos,5,ridge_logistic,4300,359,360,360,0.49166666666666664,0.25223286731355304,0.6976527581592133,0.49070987654320997,0.04652617591260029,0.5,0.5378287613196513,-0.12273892036227607,0.12919564985141774,0.13486419598383326,0.057594835295787,-13.800027871855654,-0.1224136606811198,40.6,0.1015,0.10402777777777776,58.0,1.0,0.55
chronos,5,lightgbm,4300,359,360,360,0.5055555555555555,0.24970110840274257,0.6925441071312065,0.530679012345679,0.017359305077692982,0.5,0.5169587634337602,-0.016106447869360108,0.12919564985141774,0.13486419598383326,0.025259278853910182,-3.8978729587834517,-0.022255402900295707,14.699999999999998,0.03675,0.022361111111111113,21.0,1.0,0.55
chronos,5,catboost,4300,359,360,360,0.49722222222222223,0.249653523629156,0.6924520562174519,0.5549691358024691,0.020486154240459065,0.5,0.5175952520286682,0.0,0.12919564985141774,0.13486419598383326,0.0,0.0,0.0,0.0,0.0,0.0,0.0,1.0,0.65
chronos,6,trend,4660,359,360,360,,,,,,,,0.015822222828485888,-0.01436838502627591,-0.00942233018642158,0.06867973393279232,1.4248408482712733,-0.025977640444811434,1.4,0.0034999999999999996,0.11861111111111113,2.0,1.0,
chronos,6,prior,4660,359,360,360,0.5166666666666667,0.24977007213372543,0.6926872785851047,0.5,0.006917363045496727,0.5166666666666667,0.50974930362117,-0.0032073136080329467,-0.01436838502627591,-0.00942233018642158,0.11024512917798053,-0.12216101341987294,-0.04684881402689911,0.7,0.0017499999999999998,0.35000000000000003,1.0,1.0,0.5
chronos,6,ridge_logistic,4660,359,360,360,0.5111111111111111,0.24968123701522077,0.692509403153691,0.5316091954022989,0.02099573226714567,0.5166666666666667,0.495670934399521,-0.056223987922870866,-0.01436838502627591,-0.00942233018642158,0.06507832550275863,-5.376248228046122,-0.056223987922870866,35.0,0.0875,0.10888888888888888,50.0,1.0,0.5
chronos,6,lightgbm,4660,359,360,360,0.5138888888888888,0.2503278832165447,0.6938030296139254,0.4432703003337042,0.004917245674591426,0.5166666666666667,0.5117494209920752,-0.010260587918249131,-0.01436838502627591,-0.00942233018642158,0.11019549778595696,-0.5142757212938155,-0.050987174885421704,2.8,0.006999999999999999,0.34708333333333335,4.0,1.0,0.5
chronos,6,catboost,4660,359,360,360,0.5222222222222223,0.24969417838204938,0.6925354130898681,0.5324434556915091,0.01690629271757833,0.5166666666666667,0.5009438301755306,-0.07638180999326383,-0.01436838502627591,-0.00942233018642158,0.08285836813873924,-5.79150614634001,-0.0965360954024751,35.7,0.08925,0.20416666666666666,51.0,1.0,0.5
chronos,7,trend,5020,359,360,360,,,,,,,,-0.025406246868804216,0.009477376957548467,0.014481579876272521,0.06279977130808452,-2.4613516670523152,-0.042271215628265635,2.0999999999999996,0.0052499999999999995,0.1370833333333333,3.0,1.0,
chronos,7,prior,5020,359,360,360,0.5111111111111111,0.24997098960367406,0.6930891596222466,0.5,0.009718353450944128,0.4888888888888889,0.498607242339833,0.0,0.009477376957548467,0.014481579876272521,0.0,0.0,0.0,0.0,0.0,0.0,0.0,1.0,0.65
chronos,7,ridge_logistic,5020,359,360,360,0.44722222222222224,0.25001479160584394,0.6931766754620553,0.4768712944664032,0.05649239143789668,0.4888888888888889,0.4967283902499373,-0.07767334413912896,0.009477376957548467,0.014481579876272521,0.03481906359989778,-14.10751437014993,-0.07767334413912896,19.599999999999998,0.049,0.05152777777777777,28.0,1.0,0.5
chronos,7,lightgbm,5020,359,360,360,0.5111111111111111,0.24933452431123065,0.6918146489005653,0.5289340415019763,0.01012692952254173,0.4888888888888889,0.4990158184114306,-0.10343627881903672,0.009477376957548467,0.014481579876272521,0.08907011178355904,-7.411428851920842,-0.11715745674143274,34.3,0.08574999999999999,0.1613888888888889,49.0,1.0,0.5
chronos,7,catboost,5020,359,360,360,0.5083333333333333,0.25092424400011976,0.6950320806083832,0.5060832509881423,0.026919908237368145,0.4888888888888889,0.47615762929231426,-0.015115863094285586,0.009477376957548467,0.014481579876272521,0.03678521563458031,-2.5003266317533606,-0.022101409663015215,6.299999999999999,0.01575,0.009722222222222222,9.0,1.0,0.55
chronos,8,trend,5380,359,360,360,,,,,,,,0.0,-0.20514042238699215,-0.2011573713752033,0.0,0.0,0.0,0.0,0.0,0.0,0.0,1.0,
chronos,8,prior,5380,359,360,360,0.5055555555555555,0.2500644867056518,0.6932762678648308,0.5,0.009764778706283117,0.5055555555555555,0.5153203342618387,0.0,-0.20514042238699215,-0.2011573713752033,0.0,0.0,0.0,0.0,0.0,0.0,0.0,1.0,0.65
chronos,8,ridge_logistic,5380,359,360,360,0.5055555555555555,0.25421497319521585,0.7016904398942074,0.5171626126682307,0.06704120425244134,0.5055555555555555,0.572596759807997,-0.07330613212172676,-0.20514042238699215,-0.2011573713752033,0.1655816207082891,-2.713835682378839,-0.09845033975904405,0.7,0.0017499999999999998,0.35000000000000003,1.0,1.0,0.5
chronos,8,lightgbm,5380,359,360,360,0.5166666666666667,0.2658746494596365,0.7269288481078061,0.5065131497715767,0.11803424374457158,0.5055555555555555,0.6235897993001271,-0.10502058895532018,-0.20514042238699215,-0.2011573713752033,0.14300485296060156,-4.647661847967562,-0.11940363086999217,32.9,0.08224999999999999,0.24694444444444447,47.0,1.0,0.6
chronos,8,catboost,5380,359,360,360,0.5083333333333333,0.256091519884156,0.705558278702669,0.5051240893937523,0.07332568434513001,0.5055555555555555,0.5788812399006855,-0.06716781548520612,-0.20514042238699215,-0.2011573713752033,0.10090981537703748,-4.14067497341378,-0.0781032909606576,33.599999999999994,0.08399999999999999,0.0952777777777778,48.0,1.0,0.6
chronos,9,trend,5740,359,360,360,,,,,,,,-0.018454776760930325,-0.24968451099688893,-0.24591949016551384,0.04686625251259755,-2.3943559314365404,-0.02798906655817901,1.4,0.0034999999999999996,0.05444444444444444,2.0,1.0,
chronos,9,prior,5740,359,360,360,0.49166666666666664,0.2504900515462584,0.6941276640573836,0.5,0.0236536675951719,0.5083333333333333,0.4846796657381614,0.0,-0.24968451099688893,-0.24591949016551384,0.0,0.0,0.0,0.0,0.0,0.0,0.0,1.0,0.65
chronos,9,ridge_logistic,5740,359,360,360,0.48333333333333334,0.24991091106710603,0.6929682628376541,0.5004785279861691,0.024047955270671904,0.5083333333333333,0.4986139844930932,-0.06652136770005801,-0.24968451099688893,-0.24591949016551384,0.12660237452137535,-3.2440139409476987,-0.09187367756650089,16.8,0.041999999999999996,0.14291666666666666,24.0,1.0,0.5
chronos,9,lightgbm,5740,359,360,360,0.49722222222222223,0.25958556793322207,0.7131886515195347,0.4839924670433145,0.07049464144159459,0.5083333333333333,0.5352767471612467,-0.06139554159277527,-0.24968451099688893,-0.24591949016551384,0.07304323399961513,-5.239869214543144,-0.06535814485471236,21.0,0.05249999999999999,0.03791666666666666,30.0,1.0,0.65
chronos,9,catboost,5740,359,360,360,0.5083333333333333,0.2509118916385058,0.6949819021722091,0.5040906424624123,0.015587934668811995,0.5083333333333333,0.49588608782250676,-0.09427770233132426,-0.24968451099688893,-0.24591949016551384,0.13909156681664395,-4.260604384182919,-0.12253999268359872,25.9,0.06475,0.14583333333333334,37.0,1.0,0.5
chronos,10,trend,6100,359,360,360,,,,,,,,-0.01753203645755974,0.16427233000087327,0.17018042529906374,0.09090811879153879,-1.138126538281643,-0.04587522741359151,2.0999999999999996,0.0052499999999999995,0.16819444444444445,3.0,1.0,
chronos,10,prior,6100,359,360,360,0.5027777777777778,0.25004088612320235,0.6932289752212613,0.5,0.006971525843392223,0.5027777777777778,0.50974930362117,0.0,0.16427233000087327,0.17018042529906374,0.0,0.0,0.0,0.0,0.0,0.0,0.0,1.0,0.65
chronos,10,ridge_logistic,6100,359,360,360,0.49722222222222223,0.25090565849906415,0.6949606563869839,0.45612518904904475,0.019643658368562276,0.5027777777777778,0.5168300613256913,0.041846885983444215,0.16427233000087327,0.17018042529906374,0.15289001435209026,1.707584856243927,-0.0496949082456114,3.4999999999999996,0.008749999999999999,0.34611111111111115,5.0,1.0,0.5
chronos,10,lightgbm,6100,359,360,360,0.5055555555555555,0.24959998244349654,0.6923467219842798,0.5289669434241798,0.004405413408559937,0.5027777777777778,0.5071831911863377,0.0,0.16427233000087327,0.17018042529906374,0.0,0.0,0.0,0.0,0.0,0.0,0.0,1.0,0.55
chronos,10,catboost,6100,359,360,360,0.5444444444444444,0.24879095545351637,0.6907283139768982,0.5553257816599277,0.032904855257398224,0.5027777777777778,0.5050796155606915,0.0,0.16427233000087327,0.17018042529906374,0.0,0.0,0.0,0.0,0.0,0.0,0.0,1.0,0.55
chronos,11,trend,6460,359,360,360,,,,,,,,-0.0017224271156506266,-0.22298330944751932,-0.21909073196077133,0.04754537589678229,-0.19678235261231608,-0.015836931544953692,0.7,0.0017499999999999998,0.05541666666666668,1.0,1.0,
chronos,11,prior,6460,359,360,360,0.475,0.2505825141021562,0.6943123684935743,0.5,0.034749303621170013,0.475,0.50974930362117,-0.08160510882440297,-0.22298330944751932,-0.21909073196077133,0.14351677435476912,-3.536124408869104,-0.10715402857526413,0.7,0.0017499999999999998,0.35000000000000003,1.0,1.0,0.5
chronos,11,ridge_logistic,6460,359,360,360,0.4777777777777778,0.25435789796526087,0.7019101809114875,0.43544045298431255,0.0511055536463404,0.475,0.5261055536463404,-0.04487403287262404,-0.22298330944751932,-0.21909073196077133,0.05737776783324273,-4.838699954748673,-0.051320476794468384,11.899999999999999,0.02975,0.03597222222222222,17.0,1.0,0.55
chronos,11,lightgbm,6460,359,360,360,0.4777777777777778,0.2504339381130532,0.6940150439638676,0.5301834833998577,0.035789917416392036,0.475,0.510789917416392,-0.08315358965469377,-0.22298330944751932,-0.21909073196077133,0.143496834496243,-3.6081578163053596,-0.1071540285752639,1.4,0.0034999999999999996,0.34902777777777777,2.0,1.0,0.5
chronos,11,catboost,6460,359,360,360,0.475,0.25054185521031996,0.6942310269832267,0.5132275132275133,0.03468364293914905,0.475,0.509683642939149,-0.08160510882440297,-0.22298330944751932,-0.21909073196077133,0.14351677435476912,-3.536124408869104,-0.10715402857526413,0.7,0.0017499999999999998,0.35000000000000003,1.0,1.0,0.5
timesfm_chronos,0,trend,2500,359,360,360,,,,,,,,-0.02018400233570128,0.021292619376455768,0.02636637290102506,0.07600478837973888,-1.5939797292493414,-0.04770189681477932,2.0999999999999996,0.0052499999999999995,0.09625,3.0,1.0,
timesfm_chronos,0,prior,2500,359,360,360,0.5388888888888889,0.24871905952864357,0.6905838019092465,0.5,0.01521200866604766,0.5388888888888889,0.5236768802228412,0.0,0.021292619376455768,0.02636637290102506,0.0,0.0,0.0,0.0,0.0,0.0,0.0,1.0,0.65
timesfm_chronos,0,ridge_logistic,2500,359,360,360,0.5388888888888889,0.24842486295979035,0.6899930549761929,0.5205875046578065,0.00940854335158614,0.5388888888888889,0.5294803455373027,0.0,0.021292619376455768,0.02636637290102506,0.0,0.0,0.0,0.0,0.0,0.0,0.0,1.0,0.65
timesfm_chronos,0,lightgbm,2500,359,360,360,0.49722222222222223,0.252395340209913,0.697966701562855,0.44708731834554705,0.02990248422692557,0.5388888888888889,0.5157110714996538,-0.01962763637705911,0.021292619376455768,0.02636637290102506,0.08280090926906412,-1.4151345382343536,-0.03507052463803928,21.54754695584134,0.05386886738960335,0.03867714854977963,31.0,1.0,0.55
timesfm_chronos,0,catboost,2500,359,360,360,0.5388888888888889,0.2497475553836959,0.6926461540814592,0.4645385666376848,0.019636501132256536,0.5388888888888889,0.5192523877566323,-0.023371896477144105,0.021292619376455768,0.02636637290102506,0.03184771282175596,-4.501175505102843,-0.023371896477144105,2.0999999999999996,0.0052499999999999995,0.0029166666666666664,3.0,1.0,0.55
timesfm_chronos,1,trend,2860,359,360,360,,,,,,,,0.030615570217227717,0.19897440625922647,0.20501766784452347,0.0849959382948778,2.2008779686105413,-0.022236932562325507,2.0999999999999996,0.0052499999999999995,0.1701388888888889,3.0,1.0,
timesfm_chronos,1,prior,2860,359,360,360,0.5166666666666667,0.24972429346968647,0.6925956697291985,0.5,0.0014391829155060432,0.5166666666666667,0.5181058495821728,0.0,0.19897440625922647,0.20501766784452347,0.0,0.0,0.0,0.0,0.0,0.0,0.0,1.0,0.65
timesfm_chronos,1,ridge_logistic,2860,359,360,360,0.5166666666666667,0.25018383613369455,0.6935173245108364,0.5179520454826351,0.02491163169036581,0.5166666666666667,0.5415782983570325,-0.010215406679742411,0.19897440625922647,0.20501766784452347,0.07062706087101464,-0.8491603658554908,-0.03703163962919753,17.499999999999996,0.04375,0.06027777777777778,25.0,1.0,0.55
timesfm_chronos,1,lightgbm,2860,359,360,360,0.5055555555555555,0.2502651216168265,0.6936775430224661,0.47503398838215305,0.013281816864985457,0.5166666666666667,0.5186096626649647,0.04125523953231758,0.19897440625922647,0.20501766784452347,0.1318223800365868,1.9316010235083245,-0.03150570941542552,9.099999999999998,0.02275,0.33833333333333343,13.0,1.0,0.5
timesfm_chronos,1,catboost,2860,359,360,360,0.5194444444444445,0.2494382108979329,0.6920221358870211,0.5251823013224571,0.0017611917269671161,0.5166666666666667,0.5184278583936337,0.06401579463402918,0.19897440625922647,0.20501766784452347,0.13459804021077398,2.8719461511514384,-0.03502806912305678,4.199999999999999,0.010499999999999999,0.34513888888888894,6.0,1.0,0.5
timesfm_chronos,2,trend,3220,359,360,360,,,,,,,,0.054930426874193916,0.4320599426851741,0.43921177643539866,0.13510176862268614,2.4754855182876745,-0.05399131002562252,2.0999999999999996,0.0052499999999999995,0.16138888888888892,3.0,1.0,
timesfm_chronos,2,prior,3220,359,360,360,0.5388888888888889,0.24853465168988792,0.6902138728716477,0.5,0.00685546270504489,0.5388888888888889,0.532033426183844,0.14090223854827455,0.4320599426851741,0.43921177643539866,0.20054551584093241,4.099385875799123,-0.049795056841904106,0.7,0.0017499999999999998,0.35000000000000003,1.0,1.0,0.5
timesfm_chronos,2,ridge_logistic,3220,359,360,360,0.5527777777777778,0.24828742502239665,0.6897304433272278,0.5421686746987953,0.035143043308828524,0.5388888888888889,0.516416651499298,0.054870628598227444,0.4320599426851741,0.43921177643539866,0.1903357967480521,1.8023622513875015,-0.05721236125666018,27.3,0.06825,0.27513888888888893,39.0,1.0,0.5
timesfm_chronos,2,lightgbm,3220,359,360,360,0.49444444444444446,0.24972483162674045,0.6925900864764013,0.5153707613960998,0.03878783962608948,0.5388888888888889,0.5001010492627994,-0.07946832148031735,0.4320599426851741,0.43921177643539866,0.14339115438500272,-3.4407707738497715,-0.09866377069333954,38.5,0.09624999999999999,0.1788888888888889,55.0,1.0,0.5
timesfm_chronos,2,catboost,3220,359,360,360,0.5,0.251478421452618,0.6961418371789084,0.518320705502422,0.05170587251931131,0.5388888888888889,0.48718301636957767,-0.03378029221677914,0.4320599426851741,0.43921177643539866,0.13647324889319662,-1.463475010855294,-0.06209784327398071,35.0,0.0875,0.12250000000000003,50.0,1.0,0.5
timesfm_chronos,3,trend,3580,359,360,360,,,,,,,,-0.0153270104687806,-0.11991136821814041,-0.1154849225753869,0.10567858201566041,-0.8363019638733967,-0.030417354007000297,1.4,0.0034999999999999996,0.07583333333333334,2.0,1.0,
timesfm_chronos,3,prior,3580,359,360,360,0.5166666666666667,0.24972429346968647,0.6925956697291985,0.5,0.0014391829155060432,0.5166666666666667,0.5181058495821728,-0.03754066677043466,-0.11991136821814041,-0.1154849225753869,0.20953184899432303,-1.0061816803720756,-0.10060223462646267,0.7030678874577291,0.0017576697186443228,0.3495106001667053,1.0,1.0,0.5
timesfm_chronos,3,ridge_logistic,3580,359,360,360,0.5166666666666667,0.24978459421838903,0.6927164311835652,0.4449697194413546,0.0010809094886368165,0.5166666666666667,0.5177475761553035,-0.03754066677043466,-0.11991136821814041,-0.1154849225753869,0.20953184899432303,-1.0061816803720756,-0.10060223462646267,0.7030678874577291,0.0017576697186443228,0.3495106001667053,1.0,1.0,0.5
timesfm_chronos,3,lightgbm,3580,359,360,360,0.5277777777777778,0.2495751359470241,0.692297932260794,0.528519342479298,0.016028025396713018,0.5166666666666667,0.5093717921604097,-0.08714957856532235,-0.11991136821814041,-0.1154849225753869,0.1922376499986081,-2.7890604552883045,-0.13960626723928737,30.103067887457726,0.07525766971864431,0.2874349401389191,43.0,1.0,0.5
timesfm_chronos,3,catboost,3580,359,360,360,0.5416666666666666,0.254770149606771,0.7033386041892459,0.5254603880855271,0.05494433970073152,0.5166666666666667,0.46845175421897217,-0.045529598186621945,-0.11991136821814041,-0.1154849225753869,0.04611761568606682,-6.123289154203135,-0.049064736834584566,15.368986161040382,0.038422465402600955,0.029991212663262268,22.0,1.0,0.55
timesfm_chronos,4,trend,3940,359,360,360,,,,,,,,0.01642319219199795,0.09746938674218608,0.1029554040357501,0.062040376113470644,1.6283159652843764,-0.016761895094546952,1.4,0.0034999999999999996,0.09722222222222222,2.0,1.0,
timesfm_chronos,4,prior,3940,359,360,360,0.5083333333333333,0.2509581836474474,0.6950712996299684,0.5,0.03205663881151344,0.5083333333333333,0.5403899721448467,0.0,0.09746938674218608,0.1029554040357501,0.0,0.0,0.0,0.0,0.0,0.0,0.0,1.0,0.65
timesfm_chronos,4,ridge_logistic,3940,359,360,360,0.5083333333333333,0.2499795149488352,0.6931002275545345,0.5257324565465716,0.025726190381823222,0.5083333333333333,0.5340595237151565,0.012118948038080113,0.09746938674218608,0.1029554040357501,0.08701534808400596,0.8855153260871482,-0.041656554066296314,10.983254268419866,0.027458135671049665,0.028538058512351652,16.0,1.0,0.55
timesfm_chronos,4,lightgbm,3940,359,360,360,0.5083333333333333,0.25086256301612414,0.6948788507906184,0.5344077058442159,0.03128768831447648,0.5083333333333333,0.5396210216478098,0.0,0.09746938674218608,0.1029554040357501,0.0,0.0,0.0,0.0,0.0,0.0,0.0,1.0,0.65
timesfm_chronos,4,catboost,3940,359,360,360,0.5083333333333333,0.2515899454333525,0.6963452383164129,0.47843536784909385,0.03648227568997242,0.5083333333333333,0.5448156090233057,-0.04813837563809664,0.09746938674218608,0.1029554040357501,0.11622455855664787,-2.524175290173003,-0.06588151823403587,37.66760915500606,0.09416902288751514,0.10246005037905428,54.0,1.0,0.55
timesfm_chronos,5,trend,4300,359,360,360,,,,,,,,-0.014890942719629319,0.12919564985141774,0.13486419598383326,0.073983992780204,-1.196630695353098,-0.04241902951871057,4.199999999999999,0.010499999999999999,0.12930555555555553,6.0,1.0,
timesfm_chronos,5,prior,4300,359,360,360,0.5,0.25032782178909224,0.6938032543827889,0.5,0.01810584958217276,0.5,0.5181058495821728,0.0458479316853877,0.12919564985141774,0.13486419598383326,0.1226419004238082,2.2850376092416838,-0.04067814886263499,0.7,0.0017499999999999998,0.35000000000000003,1.0,1.0,0.5
timesfm_chronos,5,ridge_logistic,4300,359,360,360,0.5055555555555555,0.25279836365914804,0.6988179113279473,0.4922530864197532,0.037229094036456974,0.5,0.5372290940364569,-0.006612975178695302,0.12919564985141774,0.13486419598383326,0.016325187217262616,-2.464223769046745,-0.006612975178695302,2.0999999999999996,0.0052499999999999995,0.0038888888888888888,3.0,1.0,0.6
timesfm_chronos,5,lightgbm,4300,359,360,360,0.5305555555555556,0.24975115642572707,0.6926222659567054,0.5282716049382716,0.03202232644635389,0.5,0.5268808578152352,0.0035902157156564307,0.12919564985141774,0.13486419598383326,0.011222398328187099,1.9482705107993807,-0.0008749999999999591,0.7,0.0017499999999999998,0.0009722222222222222,1.0,1.0,0.65
timesfm_chronos,5,catboost,4300,359,360,360,0.5055555555555555,0.24916227297581509,0.6914575338037856,0.550895061728395,0.02626371497378711,0.5,0.5188196893484199,-0.01684942534006606,0.12919564985141774,0.13486419598383326,0.051319162398078016,-1.9886461615674536,-0.02561958957499022,23.799999999999997,0.0595,0.04569444444444444,34.0,1.0,0.55
timesfm_chronos,6,trend,4660,359,360,360,,,,,,,,0.015822222828485888,-0.01436838502627591,-0.00942233018642158,0.06867973393279232,1.4248408482712733,-0.025977640444811434,1.4,0.0034999999999999996,0.11861111111111113,2.0,1.0,
timesfm_chronos,6,prior,4660,359,360,360,0.5166666666666667,0.24977007213372543,0.6926872785851047,0.5,0.006917363045496727,0.5166666666666667,0.50974930362117,-0.0032073136080329467,-0.01436838502627591,-0.00942233018642158,0.11024512917798053,-0.12216101341987294,-0.04684881402689911,0.7,0.0017499999999999998,0.35000000000000003,1.0,1.0,0.5
timesfm_chronos,6,ridge_logistic,4660,359,360,360,0.5416666666666666,0.24929901328845672,0.6917449169115116,0.5420837968112717,0.03243946519534227,0.5166666666666667,0.5036306153237011,-0.06455801892224633,-0.01436838502627591,-0.00942233018642158,0.0862838181319337,-4.661626057589154,-0.0799909097382141,40.599999999999994,0.10149999999999999,0.21291666666666667,58.0,1.0,0.5
timesfm_chronos,6,lightgbm,4660,359,360,360,0.4305555555555556,0.2533372429756663,0.6998334406740134,0.42905697688790007,0.09499472061654105,0.5166666666666667,0.5168363961443745,-0.030143753579134347,-0.01436838502627591,-0.00942233018642158,0.028165263973858393,-6.596427106002491,-0.031350839130542485,13.299999999999997,0.033249999999999995,0.02430555555555555,19.0,1.0,0.55
timesfm_chronos,6,catboost,4660,359,360,360,0.5055555555555555,0.25106461900956073,0.6952801901797283,0.48414905450500556,0.03446018906562063,0.5166666666666667,0.5396911339730462,-0.09961267609006685,-0.01436838502627591,-0.00942233018642158,0.06130070274163704,-10.38077139101182,-0.10123981579742791,32.2,0.08049999999999999,0.10111111111111111,46.0,1.0,0.55
timesfm_chronos,7,trend,5020,359,360,360,,,,,,,,-0.025406246868804216,0.009477376957548467,0.014481579876272521,0.06279977130808452,-2.4613516670523152,-0.042271215628265635,2.0999999999999996,0.0052499999999999995,0.1370833333333333,3.0,1.0,
timesfm_chronos,7,prior,5020,359,360,360,0.5111111111111111,0.24997098960367406,0.6930891596222466,0.5,0.009718353450944128,0.4888888888888889,0.498607242339833,0.0,0.009477376957548467,0.014481579876272521,0.0,0.0,0.0,0.0,0.0,0.0,0.0,1.0,0.65
timesfm_chronos,7,ridge_logistic,5020,359,360,360,0.5111111111111111,0.24997258569641695,0.6930923518292289,0.47986660079051385,0.009749096397577983,0.4888888888888889,0.49863798528646686,0.0,0.009477376957548467,0.014481579876272521,0.0,0.0,0.0,0.0,0.0,0.0,0.0,1.0,0.65
timesfm_chronos,7,lightgbm,5020,359,360,360,0.5444444444444444,0.24975280985458592,0.6926527903767992,0.5647850790513834,0.04266453271891088,0.4888888888888889,0.49878156430971704,-0.06541595193479588,0.009477376957548467,0.014481579876272521,0.0647706720860951,-6.321020121130912,-0.069325495870458,28.699999999999996,0.07175,0.08166666666666667,41.0,1.0,0.5
timesfm_chronos,7,catboost,5020,359,360,360,0.5138888888888888,0.2543160470785762,0.7020989969016694,0.475481719367589,0.038415950127390366,0.4888888888888889,0.45815365422299287,-0.01750507104682797,0.009477376957548467,0.014481579876272521,0.04002476110300816,-2.663976808972084,-0.02800691770039121,8.399999999999999,0.020999999999999998,0.017499999999999998,12.0,1.0,0.55
timesfm_chronos,8,trend,5380,359,360,360,,,,,,,,0.0,-0.20514042238699215,-0.2011573713752033,0.0,0.0,0.0,0.0,0.0,0.0,0.0,1.0,
timesfm_chronos,8,prior,5380,359,360,360,0.5055555555555555,0.2500644867056518,0.6932762678648308,0.5,0.009764778706283117,0.5055555555555555,0.5153203342618387,0.0,-0.20514042238699215,-0.2011573713752033,0.0,0.0,0.0,0.0,0.0,0.0,0.0,1.0,0.65
timesfm_chronos,8,ridge_logistic,5380,359,360,360,0.5055555555555555,0.2538140084719523,0.700907579545798,0.514754908013335,0.06329040501072497,0.5055555555555555,0.5688459605662806,-0.07330613212172676,-0.20514042238699215,-0.2011573713752033,0.1655816207082891,-2.713835682378839,-0.09845033975904405,0.7,0.0017499999999999998,0.35000000000000003,1.0,1.0,0.5
timesfm_chronos,8,lightgbm,5380,359,360,360,0.5027777777777778,0.28434435491475646,0.7717544270752285,0.5034263489319668,0.17079222386756604,0.5055555555555555,0.6706153253179484,-0.08839463926639879,-0.20514042238699215,-0.2011573713752033,0.13229905605185305,-4.188820945116552,-0.10063681462535323,37.099999999999994,0.09275,0.21583333333333338,53.0,1.0,0.65
timesfm_chronos,8,catboost,5380,359,360,360,0.5222222222222223,0.2577102922015391,0.7089120399160428,0.4537597234226448,0.06861152495392686,0.5055555555555555,0.5741670805094823,-0.11008927110851652,-0.20514042238699215,-0.2011573713752033,0.09497178211301867,-7.42210247702035,-0.11037940577877925,30.799999999999997,0.07699999999999999,0.09333333333333332,44.0,1.0,0.6
timesfm_chronos,9,trend,5740,359,360,360,,,,,,,,-0.018454776760930325,-0.24968451099688893,-0.24591949016551384,0.04686625251259755,-2.3943559314365404,-0.02798906655817901,1.4,0.0034999999999999996,0.05444444444444444,2.0,1.0,
timesfm_chronos,9,prior,5740,359,360,360,0.49166666666666664,0.2504900515462584,0.6941276640573836,0.5,0.0236536675951719,0.5083333333333333,0.4846796657381614,0.0,-0.24968451099688893,-0.24591949016551384,0.0,0.0,0.0,0.0,0.0,0.0,0.0,1.0,0.65
timesfm_chronos,9,ridge_logistic,5740,359,360,360,0.4861111111111111,0.25020774544173124,0.6935793086345701,0.49949059924052974,0.030452479566297215,0.5083333333333333,0.5044479828016694,-0.10886918371880216,-0.24968451099688893,-0.24591949016551384,0.14337217538916208,-4.818135391209799,-0.1252607911504795,26.599999999999998,0.06649999999999999,0.21194444444444444,38.0,1.0,0.5
timesfm_chronos,9,lightgbm,5740,359,360,360,0.5055555555555555,0.2580421309471587,0.7101186327623102,0.4985952888147942,0.060950324588892775,0.5083333333333333,0.5302162505588096,-0.0901663711741848,-0.24968451099688893,-0.24591949016551384,0.08205012467806519,-6.963781768744076,-0.0901663711741848,13.999999999999998,0.034999999999999996,0.03888888888888888,20.0,1.0,0.65
timesfm_chronos,9,catboost,5740,359,360,360,0.5083333333333333,0.2520000490911614,0.6971724784917671,0.48862338303849834,0.027265510027895012,0.5083333333333333,0.4985803481764418,-0.06442901671232248,-0.24968451099688893,-0.24591949016551384,0.09497019746492937,-4.217899098236694,-0.07592056055815499,18.199999999999996,0.0455,0.040833333333333326,26.0,1.0,0.55
timesfm_chronos,10,trend,6100,359,360,360,,,,,,,,-0.01753203645755974,0.16427233000087327,0.17018042529906374,0.09090811879153879,-1.138126538281643,-0.04587522741359151,2.0999999999999996,0.0052499999999999995,0.16819444444444445,3.0,1.0,
timesfm_chronos,10,prior,6100,359,360,360,0.5027777777777778,0.25004088612320235,0.6932289752212613,0.5,0.006971525843392223,0.5027777777777778,0.50974930362117,0.0,0.16427233000087327,0.17018042529906374,0.0,0.0,0.0,0.0,0.0,0.0,0.0,1.0,0.65
timesfm_chronos,10,ridge_logistic,6100,359,360,360,0.5,0.2508740518258115,0.6948981133693216,0.4700762369208926,0.018032694688250812,0.5027777777777778,0.5178962417084031,0.04274269512848394,0.16427233000087327,0.17018042529906374,0.15305279073609027,1.7400978618658736,-0.04887780930024388,3.5,0.008749999999999999,0.345138888888889,5.0,1.0,0.5
timesfm_chronos,10,lightgbm,6100,359,360,360,0.5027777777777778,0.25021891703423776,0.6935851931862411,0.45631037994999846,0.0085706862407543,0.5027777777777778,0.5113484640185321,0.05848154154320806,0.16427233000087327,0.17018042529906374,0.15383754209960634,2.3244862721893678,-0.04278141825484261,0.7,0.0017499999999999998,0.35000000000000003,1.0,1.0,0.5
timesfm_chronos,10,catboost,6100,359,360,360,0.5027777777777778,0.24983849073700498,0.6928240542393665,0.5594617117812277,0.006455749126004107,0.5027777777777778,0.5092335269037819,0.0,0.16427233000087327,0.17018042529906374,0.0,0.0,0.0,0.0,0.0,0.0,0.0,1.0,0.65
timesfm_chronos,11,trend,6460,359,360,360,,,,,,,,-0.0017224271156506266,-0.22298330944751932,-0.21909073196077133,0.04754537589678229,-0.19678235261231608,-0.015836931544953692,0.7,0.0017499999999999998,0.05541666666666668,1.0,1.0,
timesfm_chronos,11,prior,6460,359,360,360,0.475,0.2505825141021562,0.6943123684935743,0.5,0.034749303621170013,0.475,0.50974930362117,-0.08160510882440297,-0.22298330944751932,-0.21909073196077133,0.14351677435476912,-3.536124408869104,-0.10715402857526413,0.7,0.0017499999999999998,0.35000000000000003,1.0,1.0,0.5
timesfm_chronos,11,ridge_logistic,6460,359,360,360,0.475,0.2523408509587974,0.6978380555638997,0.43927720535907666,0.04469317263229193,0.475,0.5196725140035222,-0.07741586864606342,-0.22298330944751932,-0.21909073196077133,0.14267369832433,-3.363861843818814,-0.10513370638553166,1.4,0.0034999999999999996,0.34805555555555556,2.0,1.0,0.5
timesfm_chronos,11,lightgbm,6460,359,360,360,0.4777777777777778,0.2509188961874372,0.6949855104412216,0.4516538259228318,0.034852708762533026,0.475,0.5098527087625331,-0.08003999486080315,-0.22298330944751932,-0.21909073196077133,0.14335269799351572,-3.4680954993047886,-0.10602240350468217,1.4,0.0034999999999999996,0.34902777777777777,2.0,1.0,0.5
timesfm_chronos,11,catboost,6460,359,360,360,0.475,0.25038232755436013,0.6939119104812708,0.5380116959064327,0.03409489684936928,0.475,0.5090948968493693,-0.08160510882440297,-0.22298330944751932,-0.21909073196077133,0.14351677435476912,-3.536124408869104,-0.10715402857526413,0.7,0.0017499999999999998,0.35000000000000003,1.0,1.0,0.5
